"(PDH-CSV 4.0) (Eastern Daylight Time)(240)","\\NATHANS_LAPTOP\Energy Meter(CPU_CLUSTER_0)\Power","\\NATHANS_LAPTOP\Energy Meter(CPU_CLUSTER_1)\Power","\\NATHANS_LAPTOP\Energy Meter(CPU_CLUSTER_2)\Power","\\NATHANS_LAPTOP\Energy Meter(GPU)\Power","\\NATHANS_LAPTOP\Energy Meter(PSU_USB)\Power","\\NATHANS_LAPTOP\Energy Meter(SYS)\Power","\\NATHANS_LAPTOP\Energy Meter(USBC_TOTAL)\Power","\\NATHANS_LAPTOP\Energy Meter(_Total)\Power","\\NATHANS_LAPTOP\Processor Information(_Total)\% Processor Utility","\\NATHANS_LAPTOP\Processor Information(_Total)\% Processor Time","\\NATHANS_LAPTOP\Processor Information(_Total)\Processor Frequency","\\NATHANS_LAPTOP\Thermal Zone Information(\_SB.TZ0)\High Precision Temperature","\\NATHANS_LAPTOP\Thermal Zone Information(\_SB.TZ2)\High Precision Temperature","\\NATHANS_LAPTOP\Thermal Zone Information(\_SB.TZ98)\High Precision Temperature","\\NATHANS_LAPTOP\Memory\Available MBytes"
"09/05/2026 11:33:00.070"," "," "," "," "," "," "," "," "," "," ","2860","3418","3578","3578","1778"
"09/05/2026 11:33:01.085","4360.0065246290378127","9930.0148636510621145","7830.0117199008373063","220.00032695002335004","34780.052064096576942","36130.054086875294161","0","0","52.369966389952367081","58.270868534751599555","3417","3434","3578","3578","1761"
"09/05/2026 11:33:02.096","4629.9930984666434597","10239.984741532211046","6649.9900911145441569","219.99967101499026967","37549.94405109280342","38839.942127245682059","0","0","51.318949141380883816","57.352645629634110946","3417","3414","3590","3590","1747"
"09/05/2026 11:33:03.104","3359.9943400263919102","9669.9837119726089441","7169.9879239630517986","229.99961125575092069","37549.936759513533616","39179.934013338563091","0","0","52.027304653343890095","58.165458030595864614","3045","3426","3586","3586","1726"
"09/05/2026 11:33:04.111","4230.0084536935446522","9860.0197025019333523","7050.0140870910299782","230.00045685918306049","38220.076381819162634","40320.080579887406202","0","0","49.933897459208424152","56.924410598097608727","3417","3434","3582","3582","1718"
"09/05/2026 11:33:05.115","3680.000366891957583","11570.001154630572273","6750.0006726352557962","240.00002158187984946","36240.003618561851908","38220.003816395750619","0","0","50.038050290924090291","53.987321019343383455","2860","3414","3610","3610","1743"
"09/05/2026 11:33:06.128","4459.9995576878491192","9809.999026199860964","7299.9992758922044231","229.99997503076565408","34049.996625586332812","35519.996479337954952","0","0","52.426096760643893901","58.616933515393341736","3231","3418","3594","3594","1729"
"09/05/2026 11:33:07.133","4539.9936427483771695","9999.9860003671801678","7289.989794559258371","229.99967601775423987","37929.946899309914443","38809.945668177380867","0","0","50.200708230189150072","54.247233843131461128","2860","3426","3590","3590","1719"
"09/05/2026 11:33:08.147","3769.9977466827158423","10439.993766658068125","7079.9957727911041729","239.99985670478318411","38289.977137248155486","39439.976449431116635","0","0","50.591608407055211671","59.037344873018746227","3314","3418","3622","3622","1717"
"09/05/2026 11:33:09.153","3950.0019632429334706","10260.005105148138682","7690.0038261741838141","230.00011105936300737","39110.019456883892417","40770.020284455269575","0","0","49.225920442238482622","55.345201419351141681","2943","3410","3491","3497","2551"
"09/05/2026 11:33:10.167","4440.0022172470144142","7230.0036138246787232","7750.0038729834213882","240.0001187810900376","33660.016827321087476","35530.017759572678187","0","0","37.632079875600467744","43.761188595969635173","3129","3406","3475","3497","6732"
"09/05/2026 11:33:11.177","4719.9962552298266019","5339.9957625908527916","5949.9952770915733709","229.99981436792276668","26889.97866659050851","27729.977999029000785","0","0","39.030565885795631687","45.449693312477798202","3231","3414","3487","3521","5759"
"09/05/2026 11:33:12.181","4830.0115571252190421","5100.0122031756973229","7880.0188539064520228","220.00052401872110863","29550.07070663565537","31280.07484494788514","0","0","35.457304807174260475","38.001680261430671237","3045","3430","3447","3529","3766"
"09/05/2026 11:33:13.189","3959.9956893173448407","4859.9947096167406926","6459.9929675309404047","219.99975774675985463","28719.968735081831255","30089.967242374365014","0","0","39.862621456301127409","48.466001165917468541","3045","3430","3487","3501","1388"
"09/05/2026 11:33:14.193","3140.0046633509814455","5550.0082428650375732","6270.0093124409504526","210.00031017701482483","28930.042975560190825","29910.044430183432269","0","0","48.171442988970127885","53.724669550240697902","3045","3430","3610","3610","1899"
"09/05/2026 11:33:15.212","3409.9921723730390113","9549.978079770668046","5569.9872149957072907","229.99947193154508795","35379.918799596227473","38769.911018669197802","0","0","48.459262796747559321","52.193217547625245345","2757","3450","3606","3606","1808"
"09/05/2026 11:33:16.218","2970.0014802997966399","9880.0049295420412818","5770.0028779614976884","210.0001041958594783","34860.01739352261211","37780.018852264642192","0","0","50.048826147586389368","57.660210674115397467","3045","3422","3598","3598","1711"
"09/05/2026 11:33:17.222","3520.0079866415603647","10150.023036202792355","6300.0142999253912421","220.0004973887092774","39580.089839059226506","42770.097079617720738","0","0","55.319955273733356194","64.61607711843873858","3045","3434","3618","3606","1698"
"09/05/2026 11:33:18.231","4769.9890388100920973","9699.9777108087109809","8809.9797570413411449","189.99956126470843287","38519.911497741595667","40869.90609626283549","0","0","51.283857856101434436","58.679504844315303558","3129","3442","3586","3586","1781"
"09/05/2026 11:33:19.237","3140","10120","7120","230","38140","39810","0","0","50.687471662453489785","55.728596575261171608","2860","3426","3633","3633","1642"
"09/05/2026 11:33:20.246","4320.0047112234187807","10620.011581757571548","6470.0070525586943404","240.00026054493150696","36800.040131057670806","38180.041637221518613","0","0","51.975308974564171649","56.401927490374291096","3231","3422","3618","3618","1775"
"09/05/2026 11:33:21.254","2859.9951782718867435","10379.982504728934146","5589.9905778221918808","229.99961097826474088","37469.936846425640397","39869.932802740993793","0","0","48.897641696707900394","53.606220694844871844","2943","3450","3598","3598","1773"
"09/05/2026 11:33:22.264","2629.9992128998555927","10109.996983975355761","6109.9981753587562707","239.99992844544144077","37499.988819600221177","39639.988179186926573","0","0","50.041767084807275978","54.644830481202774308","3231","3438","3610","3610","1785"
"09/05/2026 11:33:23.271","3560.0074621768994803","9970.0209020032143599","6680.0140041624281366","230.00048166267077931","36700.076951003400609","38600.080933706682117","0","0","50.280906609782341832","55.757564618172558824","2860","3446","3626","3626","1691"
"09/05/2026 11:33:24.285","4110.0028599040733752","9990.0069511060210061","7470.0051972224209749","240.00016465029708002","35900.024983892908494","38310.026662610063795","0","0","51.083800661853850045","58.813237746611889634","3314","3450","3586","3586","1788"
"09/05/2026 11:33:25.299","3579.9939175943745795","10519.982130460586632","7459.9873280218689615","229.99960793482367194","38309.934927971509751","41209.930000179847411","0","0","53.522423987952983282","60.687200803389586667","2841","3442","3626","3633","1715"
"09/05/2026 11:33:26.314","3509.9961758877784632","9939.9891727372523746","8989.9902098450402264","189.99978972728698068","41349.954969563914347","43569.952549645742693","0","0","53.439162761085597708","61.531666492030687721","3231","3426","3645","3645","1672"
"09/05/2026 11:33:27.319","3640.0057712692864698","10220.016210949350352","8300.013162919683964","170.00026768410421596","42520.067445686894644","45510.072189049220469","0","0","52.012703084511507257","59.95262522126677851","2943","3458","3606","3606","1661"
"09/05/2026 11:33:28.331","2789.9953018507430897","10089.983014657655076","6129.9896804688169141","199.99966136253456739","37839.936304075054068","40119.93246499558154","0","0","50.380575572560125863","57.65965763839779612","3417","3438","3645","3645","1654"
"09/05/2026 11:33:29.354","5180.0134161998548734","9790.02535486045781","6600.0170921166827611","230.00059531921303346","37830.09798021819006","39030.101089505886193","0","0","50.546977714396511772","55.963963470837363445","3417","3470","3633","3633","1724"
"09/05/2026 11:33:30.372","2399.9985640024124223","10149.993925730204865","6119.9963382061514494","239.99985640024124223","34919.979106235099607","37539.977537407736236","0","0","49.831496303143779869","55.097923052739126604","3231","3442","3614","3614","1732"
"09/05/2026 11:33:31.380","3120.003379828136076","10200.011050938584958","6460.0069972727305867","230.00024825600158351","35940.038944273619563","38430.041643171010946","0","0","49.703464247957867883","59.182951327060528968","3231","3438","3610","3610","1737"
"09/05/2026 11:33:32.386","4509.9973014676861567","10169.993917536870867","6919.9958589012094308","239.99985646104713055","37739.977428499660164","39489.976380665306351","0","0","49.192176684055702651","54.946185486790490415","2757","3446","3622","3622","1723"
"09/05/2026 11:33:33.395","2799.9991674701409465","10419.996908254497612","4869.9985555251159894","239.99992884360179346","36529.989166438375833","38979.988440643108333","0","0","50.281044839771894317","56.641741862274351149","3314","3446","3626","3626","1731"
"09/05/2026 11:33:34.413","2590.002560650740179","10490.010374374973253","6030.0059653546450136","240.00023505278002744","35690.035304215278302","37650.037245181418257","0","0","49.403360842850119639","53.840288208934580894","3026","3434","3614","3614","1763"
"09/05/2026 11:33:35.428","3489.9993022285525512","10149.997971427337689","6729.9986548117458369","239.99994964535946451","40399.991925273716333","42439.991518839829951","0","0","49.73520031153090315","55.743748448952899821","3045","3446","3645","3645","1774"
"09/05/2026 11:33:36.439","3209.9983967964685689","9789.995111307616753","7109.9964485087693902","239.99987778269044725","36359.981847134906275","38139.980955667466333","0","0","54.710308909750764883","59.575460178504869191","3045","3462","3673","3673","1684"
"09/05/2026 11:33:37.448","3489.9979183283676321","11049.993411616585945","6589.9960691458354631","239.99985692978472684","38899.976808318104304","41039.975534993187466","0","0","49.432698944094944693","54.029636564324455605","3045","3454","3633","3633","1713"
"09/05/2026 11:33:38.464","4630.0023104978527044","10960.005469016690768","7230.0036076824953852","240.00011857920551961","34660.017294597462751","36930.018430083182466","0","0","51.939902601744989852","56.315624029976227405","3231","3454","3610","3610","1667"
"09/05/2026 11:33:39.472","4259.9893879893124904","10309.974321731489908","7589.9810963473019001","219.999451288396358","39119.902569620026043","41799.895895422021567","0","0","58.174086278495487079","59.179760395136312923","3045","3470","3673","3673","1534"
"09/05/2026 11:33:40.489","4980.0014912608521627","10620.0031801586847","7820.0023393031679007","220.00006468119357805","41460.012415195771609","44060.013191370089771","0","0","54.685598674177143153","62.730983650593387324","3314","3442","3641","3641","1597"
"09/05/2026 11:33:41.505","4750.0105682502853597","10420.010338036528992","8184.9830361237754914","200.00044244206438293","39225.040549995057518","41050.030188577438821","0","0","50.517068255705034119","55.923906561751280719","3314","3446","3633","3633","1602"
"09/05/2026 11:33:42.511","3209.9945770375456959","9779.9834771348450886","5799.9902021806319681","199.99966017055859879","37399.936820341114071","39369.933493589742284","0","0","50.764496785557582825","52.516744329086620269","3045","3442","3626","3626","1585"
"09/05/2026 11:33:43.529","3430.0065018805162254","10010.018977588269991","6530.0123787183747481","200.00037718091391525","39060.074053186101082","41220.078148293163395","0","0","52.173503392164384707","58.158000481724968722","3314","3482","3649","3649","1487"
"09/05/2026 11:33:44.539","5019.9944799294698896","10399.988564025981759","7469.9917846668704442","199.99977689415067061","37859.958369168212812","39399.95667788193532","0","0","50.353181120637174217","54.989775245575359008","3129","3446","3614","3614","1575"
"09/05/2026 11:33:45.551","3779.996250026785674","10659.989421504131315","6519.9935286176523732","209.99978928721938587","39659.960653852474934","41179.959146720379067","0","0","51.77042845813836891","55.37878606822097538","3045","3498","3649","3649","1589"
"09/05/2026 11:33:46.573","3350.0016665531738909","9830.0048921399611572","7640.0038026084248486","220.00010751955960586","39920.019869614610798","42010.020908970356686","0","0","52.374772296891961787","52.847995154930835326","3314","3454","3637","3637","1570"
"09/05/2026 11:33:47.596","3880.0034914441621368","10820.009736449957927","7230.0065041645366364","250.00022316447220305","38990.035083614689938","40760.036678160839074","0","0","52.019289805054334863","55.984248852883290226","3231","3478","3641","3641","1571"
"09/05/2026 11:33:48.605","3669.9941841611043856","10019.984127606347101","7149.9886747941118301","319.99949040137130396","40449.935933117849345","42309.932985998508229","0","0","51.002999998414374261","57.285932193596721618","3417","3450","3626","3626","1556"
"09/05/2026 11:33:49.615","4920.0072710505783107","10140.014985457899456","7130.0105341562029935","280.00041143505711716","35540.052521813151543","37410.055284812369791","0","0","51.799269320664841132","56.390724283604832578","3129","3462","3630","3630","1595"
"09/05/2026 11:33:50.630","4790.0052495039344649","10140.011116174428025","8090.0088663870283199","240.0002619369700767","37820.041464981179161","39450.043251893657725","0","0","52.031082497379848917","54.212001356174475575","3045","3470","3649","3649","1604"
"09/05/2026 11:33:51.640","2429.9958839178789276","10119.982865194724582","7639.9870637419062405","219.99962711451169639","41479.929768452449935","43129.926975396730995","0","0","53.132049553439159695","56.419669919531131086","3231","3478","3673","3673","1611"
"09/05/2026 11:33:52.650","4789.9956931417418673","10049.990965663770112","8549.9923138038757315","209.99980946286504491","41019.96313286190707","42259.962018399419321","0","0","51.473327149609190201","54.138687764204426855","2674","3470","3645","3645","1584"
"09/05/2026 11:33:53.656","3609.9982004201410746","9749.9951425683084381","6939.9965442330994847","209.99989245538691307","37889.981133090041112","39979.980093492114975","0","0","52.88117999242860634","58.055188484944949323","3045","3482","3633","3633","1641"
"09/05/2026 11:33:54.660","4230.0067123439293937","9810.0155669252817461","7750.0122964428146588","230.00036418036211217","39900.063313827071397","41940.066552175980178","0","0","51.856258029142402677","56.295042509042978907","3417","3482","3633","3633","1672"
"09/05/2026 11:33:55.665","3790.0067775151019305","10700.019134409390972","6590.011784650269874","240.00042918301437567","39160.07002836184256","41190.073658534842252","0","0","52.110521380733224817","56.212642797589083443","3045","3494","3657","3657","1663"
"09/05/2026 11:33:56.682","5089.9994939271255134","10189.998987854251027","6949.9993086046642929","239.99997505274561149","39489.99609040885116","40849.995954980899114","0","0","53.621697525425432218","61.067123251696919795","2943","3482","3633","3633","1508"
"09/05/2026 11:33:57.689","4629.9981483146066239","11279.995491235955342","8519.9965950561800128","209.99991370786517564","38319.984690337078064","40119.983971235953504","0","0","53.687837060530270605","58.890417303529083881","3045","3486","3653","3653","1668"
"09/05/2026 11:33:58.698","4240.0016896982224353","10730.004276263865904","8340.0033219969300262","210.00008251180278762","39920.015910428053758","41850.016681734035956","0","0","53.28024746992310412","58.674781354018691104","2860","3462","3665","3665","1661"
"09/05/2026 11:33:59.705","4409.998679043455013","10749.996783757977028","7809.9976631991557952","179.99994615666258824","37529.988771869371703","39099.988301637553377","0","0","54.877605894472189618","59.164080130259414148","3231","3482","3649","3649","1595"
