"(PDH-CSV 4.0) (Eastern Daylight Time)(240)","\\NATHANS_LAPTOP\Energy Meter(CPU_CLUSTER_0)\Power","\\NATHANS_LAPTOP\Energy Meter(CPU_CLUSTER_1)\Power","\\NATHANS_LAPTOP\Energy Meter(CPU_CLUSTER_2)\Power","\\NATHANS_LAPTOP\Energy Meter(GPU)\Power","\\NATHANS_LAPTOP\Energy Meter(PSU_USB)\Power","\\NATHANS_LAPTOP\Energy Meter(SYS)\Power","\\NATHANS_LAPTOP\Energy Meter(USBC_TOTAL)\Power","\\NATHANS_LAPTOP\Energy Meter(_Total)\Power","\\NATHANS_LAPTOP\Processor Information(_Total)\% Processor Utility","\\NATHANS_LAPTOP\Processor Information(_Total)\% Processor Time","\\NATHANS_LAPTOP\Processor Information(_Total)\Processor Frequency","\\NATHANS_LAPTOP\Thermal Zone Information(\_SB.TZ0)\High Precision Temperature","\\NATHANS_LAPTOP\Thermal Zone Information(\_SB.TZ2)\High Precision Temperature","\\NATHANS_LAPTOP\Thermal Zone Information(\_SB.TZ98)\High Precision Temperature","\\NATHANS_LAPTOP\GPU Engine(pid_36204_luid_0x00000000_0x00010486_phys_0_eng_0_engtype_Compute)\Utilization Percentage","\\NATHANS_LAPTOP\GPU Engine(pid_4_luid_0x00000000_0x00010486_phys_0_eng_0_engtype_Compute)\Utilization Percentage","\\NATHANS_LAPTOP\Process(npurun)\% Processor Time","\\NATHANS_LAPTOP\Process(npurun)\Working Set - Private","\\NATHANS_LAPTOP\Memory\Available MBytes"
"09/05/2026 11:36:51.913"," "," "," "," "," "," "," "," "," "," ","2860","3374","3574","3574"," "," "," ","81113088","2298"
"09/05/2026 11:36:52.942","3729.9941199209843035","9329.985292709481655","6379.9899421567615718","0","31429.950459093019163","31969.949607935624954","0","0","43.147433660849465298","56.156171382197975106","3417","3370","3526","3526","0","0","270.66223767972712722","81113088","2331"
"09/05/2026 11:36:53.958","2828.7252783996223116","9450.3565607186537818","4768.6627806346868965","0","30707.431444316498528","31609.430591415923118","0","0","47.236087875665951685","58.982039052386504352","3129","3426","3566","3566","0","0","275.7547861961614899","81113088","2345"
"09/05/2026 11:36:54.972","3510.010031118823008","10020.028638542631597","7520.0214922131972344","0","34600.098898954311153","35630.101840516923403","0","0","45.193802299894514363","53.926305610371016996","3129","3402","3546","3546","0","0","278.39144876493674019","81113088","2351"
"09/05/2026 11:36:55.983","3089.9993873945750238","8599.9982975267830625","4169.9991736950078121","0","29939.994073398676846","31079.993849014132138","0","0","43.569571054489728112","53.237746949190743351","3314","3402","3546","3546","0","0","284.40859236443554892","81113088","2283"
"09/05/2026 11:36:57.005","2669.9952243653951882","9229.9834909710098145","5229.9906454797810511","0","29779.946734682198439","30549.94535743925735","0","0","36.275183486956386503","42.81962758329163421","3129","3354","3550","3550","0","0","276.63288105986794108","81113088","2277"
"09/05/2026 11:36:58.021","1590.0036498056433629","8370.0192271042124048","2650.0060878038957526","0","24550.056397587890388","24870.057134740756737","0","0","34.513101994716670617","42.563828738718342493","2757","3378","3538","3538","0","0","270.77011056380541731","81113088","2340"
"09/05/2026 11:36:59.034","1910.0005653413736582","8610.0025493695902696","3850.001137793959515","0","28130.008334340756846","27860.008252561812697","0","0","42.277847166846939331","49.119135675101368577","3045","3370","3574","3574","0","0","280.62365109453338619","81149952","2270"
"09/05/2026 11:37:00.048","2119.9985317278328694","8589.9940593637020356","3879.9973158704933667","0","29649.979501071873528","29419.979661053104792","0","0","43.52664780245634546","49.24046184278195426","3129","3390","3546","3546","0","0","277.56488208649045646","81149952","2231"
"09/05/2026 11:37:01.054","2009.9984025502017175","8579.9931849289368984","4789.9961939954473564","0","30789.975545080604206","31089.975309215533343","0","0","43.223606827257547991","49.303909898179064442","3417","3378","3534","3534","0","0","282.4024751912839406","81121280","2166"
"09/05/2026 11:37:02.069","3340.0019743266516343","9640.0057028212268051","4570.0027022708309232","0","28820.017055199474271","29240.017303765780525","0","0","42.916407921391922287","53.779537217554761241","2943","3386","3590","3590","0","0","265.30255251164271613","81121280","2185"
"09/05/2026 11:37:03.081","2989.996754123044866","8889.9903511513275589","4559.9950495049506571","0","29179.968333167606033","29829.967630012641166","0","0","43.707088738775745185","52.305564419436009871","2860","3382","3590","3590","0","0","285.10023396835458698","81121280","2285"
"09/05/2026 11:37:04.096","2699.9960062905361156","8979.9867160348330799","3709.9945117557058438","0","30369.955075205987669","31109.95398181708515","0","0","42.105653898544510128","48.806716548288719082","3129","3362","3550","3550","0","0","272.52976801083644887","81121280","2203"
"09/05/2026 11:37:05.110","2840.0011178497538822","8730.0034422674962116","4470.0017601697709324","0","29360.011575955228182","29840.011764037884859","0","0","40.848663812894358216","48.505762407238250944","3231","3362","3566","3566","0","0","277.28176520184337051","81121280","2198"
"09/05/2026 11:37:06.120","2440.0050724327716125","8990.0186927880913572","4280.0088972538287635","0","29500.061339721105469","30250.062897453444748","0","0","39.351172841657664492","45.335207498323413233","3129","3354","3550","3550","0","0","280.12339940275342087","81121280","2230"
"09/05/2026 11:37:07.139","2810.0028028517217535","8280.0082648191801127","2850.0028423791181922","0","26560.026508509170526","27090.027040332319302","0","0","34.325612995552845064","39.788870743292882537","3231","3386","3522","3522","0","0","277.71943112454999891","81121280","2249"
"09/05/2026 11:37:08.161","1809.9969439946814873","8729.985263263240995","2179.9963184965167784","0","23759.959896631960873","23909.959642858419102","0","0","40.501747543031193288","47.141005810957437916","3045","3374","3574","3574","0","0","297.91665872222245071","81121280","2265"
"09/05/2026 11:37:09.182","2829.9991554749199167","8759.9973876978456246","4719.9985900725359897","0","30019.991046602754068","30609.990871256446553","0","0","43.459007787070859763","49.242649216468826978","3314","3426","3570","3570","0","0","281.63092419220413376","81121280","2166"
"09/05/2026 11:37:10.190","3240.0054628224584121","9280.015645809158741","5200.0087655092384011","0","30020.050615013835341","30440.051321967330296","0","0","42.900947021423895933","46.757863178237336399","3045","3362","3538","3538","0","0","271.67306494510103221","81121280","2159"
"09/05/2026 11:37:11.200","1779.9962952265830154","9059.981155218953063","4829.9899518272486603","0","28429.940862688046764","28939.939803671968548","0","0","47.038252213860332063","52.724456256346407201","3417","3438","3566","3566","0","0","272.05979537937599844","81121280","2193"
"09/05/2026 11:37:12.221","5080.0100859197418686","9470.0188029850323801","6150.0122088950520265","0","32330.06419319790075","33080.065679995423125","0","0","44.476115066628828743","50.999848099529110357","2943","3418","3594","3594","0","0","272.32699488274931809","81121280","2143"
"09/05/2026 11:37:13.227","2179.9943517007654918","9009.9766608689424174","4229.9890440925964867","0","29999.922297333643655","30429.921182018682885","0","0","33.187903130950601849","39.205721453553422862","2757","3362","3558","3558","0","0","285.56475620368325963","81121280","2142"
"09/05/2026 11:37:14.238","1790","8580","1480","0","24610","24730","0","0","35.38204564135945418","40.707115274066488553","3129","3386","3534","3534","0","0","280.24936731150569358","81121280","2200"
"09/05/2026 11:37:15.253","3210.0086619188650729","8410.0226966025275033","2850.0076902869191144","0","25710.069388915479067","25890.069874731452728","0","0","41.502269050653147531","50.771518606101452065","3314","3366","3491","3491","0","0","265.85538136041634516","81121280","2137"
"09/05/2026 11:37:16.272","1869.9957050077093754","8609.9802286589201685","5039.9884268826981497","0","28109.935449320888438","28549.93443936872427","0","0","42.937124092637397155","55.767695001459948401","3129","3410","3542","3542","0","0","277.69197112916663173","81121280","2231"
"09/05/2026 11:37:17.291","2199.9993398392653035","9029.9972983639490849","4829.9985541044779893","0","28989.991331802524655","29619.991141647533368","0","0","42.97032703383390384","50.929450190987488156","2674","3374","3515","3515","0","0","294.42272095468331372","81121280","2272"
"09/05/2026 11:37:18.304","2990.0008830695355755","8660.0025570005418558","4710.0013902138871345","0","28760.00849732774077","29610.008749126682233","0","0","43.527227093708809491","50.799275886995509666","3045","3378","3550","3550","0","0","282.10151185198782287","81121280","2272"
"09/05/2026 11:37:19.326","3130.0003080196129304","9210.0009133139683399","5150.000512172146955","0","29730.002954839310405","30490.003030053401744","0","0","44.838845603185490063","57.422498212295494113","3129","3390","3546","3546","0","0","283.00724860805712524","81121280","2285"
"09/05/2026 11:37:20.340","2039.9979624252530357","9059.9909548930536403","4779.9952276908925342","0","28319.97172909958681","29139.970909757361369","0","0","42.594668639258571829","46.474850951496229357","3314","3382","3538","3538","0","0","289.60648418812678528","81121280","2294"
"09/05/2026 11:37:21.349","2450.00583322617058","8800.020953891436875","4170.0099304156483413","0","29050.069177132896584","29660.070630974325468","0","0","43.891753794934800226","51.231191031542991254","3129","3378","3526","3526","0","0","287.92969017031566636","81121280","2262"
"09/05/2026 11:37:22.363","2149.995110877053321","8039.98172094281108","1329.9969754334026675","0","22409.94905206524345","22579.948664209059643","0","0","29.797689787217244373","33.431200875004520867","3314","3362","3526","3526","0","0","270.13990221367760114","81121280","2279"
"09/05/2026 11:37:23.379","2150.0058017333217322","8040.0217025136043958","1330.0035882928796127","0","22410.060489908151794","22580.060950591690926","0","0","30.366421111158363288","37.836354905944943994","2943","3354","3550","3550","0","0","284.54287783701244052","81121280","2263"
"09/05/2026 11:37:24.396","1039.9982522140398942","7939.9866784606692818","909.99847246349008856","0","20129.966230785899825","20409.96575831530572","0","0","30.484763893825352454","36.755634118005190203","2860","3382","3522","3522","0","0","283.82039408532290281","81121280","2263"
"09/05/2026 11:37:25.418","2280.0013585304991466","8730.0052017417783645","1510.000897345145404","0","21080.012559256956592","20770.01237335278347","0","0","31.929002533834044186","36.048007197811848812","2860","3342","3503","3503","0","0","275.29107687898516588","81121280","2257"
"09/05/2026 11:37:26.440","2200.0006525832309308","8790.002610332923723","1300.0003851310871141","0","23320.006928793540283","23040.006846774882433","0","0","30.594248541160560251","37.195679980933491038","2943","3342","3519","3519","0","0","285.86723276409531991","81121280","2247"
"09/05/2026 11:37:27.455","2469.9973199674846001","8479.9907991466498061","2369.9974264588427104","0","24679.973228072540223","24429.973501400359964","0","0","41.106238851877293428","48.316100425673077723","3129","3370","3499","3499","0","0","287.78867882305740977","81121280","2303"
"09/05/2026 11:37:28.478","3500.0045140514594095","8960.0115621191380342","4690.0060509019167512","0","29940.038639279751806","30900.039879482330434","0","0","44.296614277895066891","50.241966057412938085","3417","3370","3562","3562","0","0","285.56822836427591028","81121280","2313"
"09/05/2026 11:37:29.498","2109.9962244704415752","8409.9849515622827312","1969.9964749795119587","0","22819.959167021555913","22859.959095447535219","0","0","30.415303428422536314","35.6236311744662828","3129","3350","3499","3499","0","0","280.43073769012653429","81121280","2320"
"09/05/2026 11:37:30.513","1520.0038913680446058","8140.0208509219382904","960.00245826623063294","0","21670.055514958887215","21890.056078976678691","0","0","29.975824071959106476","34.874628976183487339","3231","3338","3499","3499","0","0","278.50730620987712882","81121280","2332"
"09/05/2026 11:37:31.535","1519.9998460210772464","8139.9991871345237087","959.99990331556011824","0","21669.99784429508145","21889.997819228745357","0","0","29.364251458929146565","35.765585153251322481","3045","3342","3546","3546","0","0","280.15364397406233365","81121280","2328"
"09/05/2026 11:37:32.558","1619.9982293224206842","8289.9909355616455287","1109.9987837770163424","0","20519.977571417330182","20509.977582148709189","0","0","30.956993301863619195","36.71361234215574143","2943","3342","3495","3495","0","0","271.79858886570303866","81121280","2327"
"09/05/2026 11:37:33.578","1619.9975767540711331","8539.9872232114648796","1289.9980685832447307","0","21719.967510554582987","21529.967794164105726","0","0","29.695495029322295011","34.796987252789378431","3045","3342","3534","3534","0","0","281.65478997810538431","81121280","2335"
"09/05/2026 11:37:34.591","1340.0011881707844168","8590.007614933356308","1010.0008937881722204","0","22500.019950628844526","22230.019709447908099","0","0","30.242443104085637628","35.7074117704800571","3045","3342","3491","3491","0","0","274.66536993339298078","81121280","2346"
"09/05/2026 11:37:35.605","1889.9988766649430545","8369.9950252304624883","1199.9992867713924625","0","23729.985895904283097","23479.986042116150202","0","0","32.963610125384434468","43.918258166446392465","3129","3362","3507","3507","0","0","283.35985745865730223","81121280","2299"
"09/05/2026 11:37:36.628","3340.0023087704817044","8550.0059124445924681","1000.0006901409452666","0","24120.016684335223545","24540.016972486853774","0","0","35.681276146537904026","49.849309669167517711","3129","3358","3530","3530","0","0","280.97102020919487586","81121280","2193"
"09/05/2026 11:37:37.644","1989.9986125103523591","8939.9937652596963744","909.99936541171155113","0","22769.984124537055322","22769.984124537055322","0","0","31.964480934572961246","41.80564729925685441","3045","3338","3495","3495","0","0","295.35716261794351567","81121280","2226"
"09/05/2026 11:37:38.671","1209.9998777145569875","8669.9991332120061998","1859.9998129752048044","0","20569.997942727251939","20539.997946323885117","0","0","30.756268281514294927","40.553022666531035156","3231","3330","3471","3471","0","0","270.72613592306345254","81121280","2228"
"09/05/2026 11:37:39.690","2050.0006064173221603","8870.0026361317704868","1440.0004280592861505","0","22500.006688426346955","22590.00671339647306","0","0","33.437953234381090795","38.631072295837107333","3045","3366","3558","3558","0","0","286.96620725228609672","81121280","2226"
"09/05/2026 11:37:40.723","3020.0081065120525636","8190.0219824269433957","1790.0048030636530711","0","23840.06399312825306","23540.063187845600623","0","0","32.087737124747711448","40.250555830171066418","3212","3342","3530","3530","0","0","281.43870010908926815","81121280","2241"
"09/05/2026 11:37:41.739","2229.9986759539715422","8169.9951522830897375","1449.9991386582287305","0","21999.986948180681793","21719.987115466068644","0","0","31.166917506297227902","38.886889810990219019","3026","3350","3491","3491","0","0","279.73068734416233383","81121280","2242"
"09/05/2026 11:37:42.758","1359.9989151566578585","7899.9937129210929925","869.99930541383366744","0","21939.982542256973829","21669.982757077439601","0","0","30.087725218685203998","38.049926514602603334","3231","3330","3526","3526","0","0","265.43207997512143947","81121280","2251"
"09/05/2026 11:37:43.768","1860.0011009382835709","8600.0050891760001832","1380.0008168251781626","0","20830.012326957363257","20530.012149386671808","0","0","30.354394359502496314","39.397539475879739257","3231","3358","3491","3491","0","0","268.9624859286246874","81121280","2245"
"09/05/2026 11:37:44.786","1869.9985217035944061","8349.9934045237296232","3059.9975835539526088","0","26239.979275421545026","25969.979488637374743","0","0","41.624339655559936091","50.370101056857606636","3314","3370","3507","3507","0","0","287.03572539349255521","81121280","2154"
"09/05/2026 11:37:45.801","2060.0020517897560239","8390.0083578149151435","2300.0022885347279953","0","26040.025945096687792","25740.0256473719528","0","0","33.217289760156184286","45.843180327681423591","3314","3342","3495","3495","0","0","275.66032320621576446","81121280","2143"
"09/05/2026 11:37:46.815","1769.9977095821777766","8369.9891813545673358","1209.9984360740807006","0","23279.969913214637927","23599.969498076407035","0","0","36.940093867087362867","48.130923735724927326","3045","3350","3511","3511","0","0","268.08317791493556115","81121280","2050"
"09/05/2026 11:37:47.831","2180","8360","1590","0","25210","25820","0","0","33.128656683054146015","44.65874763680554338","3129","3342","3495","3495","0","0","287.4365192604478807","81121280","2149"
"09/05/2026 11:37:48.848","2719.9978495923110131","8009.9936731806837997","1239.999018987566842","0","23119.981737529411475","23179.981687767911353","0","0","34.722094976332265048","48.247673297522773339","3045","3350","3519","3519","0","0","262.88817422115243971","81121280","2102"
"09/05/2026 11:37:49.863","2290.0004561634141282","8180.0016306944098687","920.0001831837332702","0","22160.004421552464919","22300.004446695329534","0","0","33.252168788975964731","43.711999054669171016","3231","3342","3526","3526","0","0","283.09975224094381474","81121280","1991"
"09/05/2026 11:37:50.875","2870.0059788490179926","8510.0177293945798738","1740.0036251683113733","0","23160.048252240281727","23450.048855839733733","0","0","31.545158580628626765","39.880723041298473674","3045","3326","3491","3491","0","0","264.16385410947754053","81121280","2070"
"09/05/2026 11:37:51.895","1809.9989223830320952","8259.9950864948186791","1119.9993327338643212","0","20569.987764408666408","20469.987825069223618","0","0","29.97382262996941904","36.050440597946654009","3129","3318","3515","3515","0","0","290.93070385875785178","81121280","2067"
"09/05/2026 11:37:52.915","1419.9995736952027983","8309.997517401474397","1139.9996596726409734","0","20569.993856195571425","20289.993942173008691","0","0","30.917954241510628322","37.36048927808320741","3231","3338","3515","3515","0","0","277.18622935382200012","81121280","2013"
"09/05/2026 11:37:53.927","1379.99766578477238","7829.9867608467620812","2469.9958220411494949","0","23219.960744371212058","22979.961148920781852","0","0","37.747291779344458007","45.688942324514279392","2943","3326","3499","3499","24.622313823641217567","0.00049420485502895945915","293.40243547493639653","81805312","2000"
"09/05/2026 11:37:54.939","1370.0006792191124987","8420.0041789849601628","2540.0012583427769641","0","25670.012744295454468","25430.012622750979062","0","0","38.759199428434136792","47.000022426710351908","3231","3350","3507","3507","88.051789695944194136","0.0020845973056925612074","316.49109161254267519","82219008","2099"
"09/05/2026 11:37:55.954","3059.9969545947997176","8809.9912292330227501","2659.9973522888908519","0","31239.968908204322361","31059.969087345805747","0","0","41.049899718075344879","45.854409362072800604","3314","3378","3495","3495","50.257809774757646437","0.0012810178770971741499","317.15378532095519404","81371136","2014"
"09/05/2026 11:37:56.970","2880.0025653176185187","9140.0081413204970886","3680.0032779058456072","0","29810.026551037350146","30250.026942960874294","0","0","41.137181590005624798","50.37931440595149013","2860","3354","3495","3495","24.98596773030942586","0.0006893044760281567384","278.51037804143180665","81534976","2062"
"09/05/2026 11:37:57.989","3990.0039323549767687","8540.008418362820521","2180.002147179387066","0","28650.028243394317542","29560.029141305698431","0","0","39.124597726399031217","46.104592631419535564","2860","3362","3503","3503","87.631315564601990786","0.0091218610008858991983","323.37068012326801636","82259968","2140"
